ITEM_ID,ITEM_DESC,START_DATE,END_DATE,PRICE,ITEM_CLASS,ITEM_CATEGORY
AAAAAAAAEAHIAAAA,Adults could exercise empty copies. Magazines u,1999-10-28,2001-10-26,3.76,womens watch,Jewelry
AAAAAAAAMCGKEAAA,Cheap parts can help totally professional devices. Available coins drop mainly. Con,1997-10-27,1999-10-27,1.52,pop,Music
AAAAAAAACAGKEAAA,Together open times see here feet. Never alive standards support cars; patients might,1997-10-27,1999-10-27,8.60,science,Books
AAAAAAAAGFGKEAAA,"Examples can take. Always cultural passengers could not go only particular international initiatives. Fixed, military times move. Absolute studies would not join vast, national",1997-10-27,1999-10-27,0.89,womens,Shoes
AAAAAAAACJGKEAAA,"Likely, corporate sons assume. Twin days ought to assume about a feet. Secure conditions want full, good rights. Individuals shall not prepare exactly however universal minutes. Nearly other le",1999-10-28,2001-10-26,3.25,musical,Electronics
AAAAAAAAABHKEAAA,Banks might cause ever for a notes. More likely orde,2001-10-27,,1.10,pants,Men
AAAAAAAABDHKEAAA,Else british streets may change to a demands. Conditions leave yet uncertain inte,1997-10-27,,1.64,flatware,Home
AAAAAAAAKKHKEAAA,Children die more yet only figures. Programmes could lear,1997-10-27,2000-10-26,4.89,automotive,Electronics
AAAAAAAACIIKEAAA,More impossible directors used to control together multiple notes. Trees stay though once very reforms. Only ears place actually. There warm elements settle rarely men. Ad,1997-10-27,2000-10-26,2.04,scanners,Electronics
AAAAAAAAEHGKEAAA,"Economic, strong results mind even much difficult bits. Successful purposes like so. Little persons used to find more so",1997-10-27,1999-10-27,1.20,school-uniforms,Children
AAAAAAAACIHKEAAA,Conceivably educational problems may sleep. Details shall,1999-10-28,2001-10-26,2.26,accent,Home
AAAAAAAAKOJHAAAA,"Entire, empty lights head sharply political initiatives. Current, fundamenta",1997-10-27,1999-10-27,6.68,sailing,Sports
AAAAAAAAECGKEAAA,Strange pupils might achieve inside a things; results escort especially in a questions; well swiss links might reconstruct afterwards on a tools. Activities score al,1997-10-27,2000-10-26,2.07,country,Music
AAAAAAAACFHKEAAA,"Beliefs face too police. Years might talk original, christian songs. Entirely old officers might avoid typically. More new problems get husbands. Measures should make today visitors. Then jun",2001-10-27,,16.90,mens,Shoes
AAAAAAAAMDGKEAAA,"Only, particular numbers could not allow now middle children. There principal costs cannot look days; common, standard obligations shall occu",1997-10-27,2000-10-26,3.50,dresses,Women
AAAAAAAAEMIKEAAA,Deputies might not differ so able ways. Simultane,1997-10-27,2000-10-26,3.68,sports,Books
AAAAAAAAKLOJAAAA,"Giant, native principles shall not lead no doubt",1997-10-27,2000-10-26,7.37,womens,Shoes
AAAAAAAAMLKBGAAA,"Patients shall not contribute attractive, new hills. More hot occupations pick as aggressive organisms. Very funny deaths should think even. Relevant things might stand",1997-10-27,1999-10-27,95.71,reference,Books
AAAAAAAAGFLBGAAA,"Then central cars cultivate once tomorrow widespread women. Long things used to balance major, slight rights. Numbers get brilliant forests. ",2000-10-27,,3.13,rock,Music